newEthn,nPopulation,sumPopulation,propPopulation
BashTat,2898185,60739860,0.04771471320480489
BelRusUkr,49605085,60739860,0.8166809241904739
Buryat,210730,60739860,0.003469385671945902
CheDagIngKabAdKarBalOs,3227405,60739860,0.053134877163035936
other,4693295,60739860,0.0772687819827046
Tuvan,105160,60739860,0.0017313177870347412
